ID,City,Contact No
1194,Vizag,8015888547
2363,Ahmedabad,9237667248
2627,Gurgaon,8348674887
3053,Guwahati,8567785458
3220,Varanasi,9237712095
3262,Vijayawada,9143992161
3467,Jaipur,8119086147
3711,Chennai,8810657874
3774,Mumbai,8937166878
3934,Warangal,8180981892
4088,Agra,8731995930
5272,Delhi,8413499898
5572,Patna,9013810518
5678,Patna,8332961119
6482,Lucknow,9731015532
6696,Pune,9122297643
6727,Hyderabad,9167481531
7351,Nellore,9602169867
7504,Kochi,8353500192
7890,Guntur,9733243590
7967,Bhubhaneshwar,9899399601
8081,Indore,8151671664
8992,Bangalore,9052735644
9551,Kolkata,9223312095
9684,Chandigarh,8587206441
9720,Mussorie,9961706268
